지점번호,지점명,날짜,평균기온,최고기온,최고기온시각,최저기온,최저기온시각,일교차
143,대구,2015-06-01,25.5,32.8,16:19,17.0,05:51,15.8
143,대구,2015-06-02,24.1,27.3,14:29,22.2,23:55,5.1
143,대구,2015-06-03,24.6,31.0,15:22,19.6,23:51,11.4
143,대구,2015-06-04,24.2,32.1,14:25,15.5,05:29,16.6
143,대구,2015-06-05,17.5,23.1,00:10,13.9,23:18,9.2
143,대구,2015-06-06,20.0,28.2,17:03,12.9,04:44,15.3
143,대구,2015-06-07,22.9,30.8,15:05,16.1,05:10,14.7
143,대구,2015-06-08,22.1,27.1,12:03,17.9,04:29,9.2
143,대구,2015-06-09,24.8,31.3,16:18,18.2,04:22,13.1
143,대구,2015-06-10,26.9,35.0,14:05,19.8,05:26,15.2
143,대구,2015-06-11,23.3,26.6,12:51,20.7,04:25,5.9
143,대구,2015-06-12,25.3,33.4,14:40,19.2,04:24,14.2
143,대구,2015-06-13,22.8,30.2,15:20,17.6,05:39,12.6
143,대구,2015-06-14,24.1,30.2,14:05,17.3,05:30,12.9
143,대구,2015-06-15,25.5,31.9,15:05,20.5,05:14,11.4
143,대구,2015-06-16,24.8,30.3,13:43,21.9,23:56,8.4
143,대구,2015-06-17,22.4,26.0,14:50,20.0,23:46,6.0
143,대구,2015-06-18,22.1,25.6,16:19,19.2,03:46,6.4
143,대구,2015-06-19,22.0,28.1,15:14,18.5,22:55,9.6
143,대구,2015-06-20,18.6,20.9,12:02,17.4,23:37,3.5
143,대구,2015-06-21,21.6,27.5,14:39,17.2,01:59,10.3
143,대구,2015-06-22,23.6,29.9,15:09,18.9,01:43,11.0
143,대구,2015-06-23,24.3,30.4,14:35,19.1,05:16,11.3
143,대구,2015-06-24,22.9,27.3,14:25,20.8,05:13,6.5
143,대구,2015-06-25,21.4,25.8,11:22,19.0,23:16,6.8
143,대구,2015-06-26,21.7,24.1,17:43,19.0,00:02,5.1
143,대구,2015-06-27,21.3,24.7,15:43,18.4,23:59,6.3
143,대구,2015-06-28,20.5,25.3,16:46,16.6,05:09,8.7
143,대구,2015-06-29,24.9,32.4,16:33,16.9,04:57,15.5
143,대구,2015-06-30,20.8,25.4,00:01,18.2,19:30,7.2
143,대구,2015-07-01,24.0,30.4,16:08,18.5,00:22,11.9
143,대구,2015-07-02,24.5,31.2,15:53,16.8,05:29,14.4
143,대구,2015-07-03,24.0,30.6,14:48,19.0,05:44,11.6
143,대구,2015-07-04,21.2,25.6,14:18,18.1,04:35,7.5
143,대구,2015-07-05,22.5,28.1,14:37,18.1,05:46,10.0
143,대구,2015-07-06,22.0,26.5,11:41,19.3,03:08,7.2
143,대구,2015-07-07,18.8,21.3,10:38,17.7,23:25,3.6
143,대구,2015-07-08,20.1,22.6,12:40,17.7,00:01,4.9
143,대구,2015-07-09,20.6,22.2,13:10,19.4,03:36,2.8
143,대구,2015-07-10,23.2,27.9,16:30,20.5,03:03,7.4
143,대구,2015-07-11,25.1,31.8,14:52,20.6,04:41,11.2
143,대구,2015-07-12,24.7,26.4,10:09,23.4,02:51,3.0
143,대구,2015-07-13,26.2,29.0,16:39,23.9,05:50,5.1
143,대구,2015-07-14,27.2,32.4,16:11,21.2,05:11,11.2
143,대구,2015-07-15,25.7,31.2,13:51,21.3,23:45,9.9
143,대구,2015-07-16,21.5,25.9,14:02,19.1,23:33,6.8
143,대구,2015-07-17,21.6,25.2,12:46,17.2,03:43,8.0
143,대구,2015-07-18,24.1,29.0,16:31,20.0,00:53,9.0
143,대구,2015-07-19,22.8,27.3,12:11,19.6,05:37,7.7
143,대구,2015-07-20,22.1,24.9,12:57,19.4,01:31,5.5
143,대구,2015-07-21,24.6,30.5,15:22,20.6,00:27,9.9
143,대구,2015-07-22,26.8,31.4,13:33,22.0,05:11,9.4
143,대구,2015-07-23,27.2,30.4,12:59,24.7,04:31,5.7
143,대구,2015-07-24,28.0,30.2,16:14,25.3,02:23,4.9
143,대구,2015-07-25,28.4,32.4,14:42,25.3,23:26,7.1
143,대구,2015-07-26,29.0,35.1,14:26,22.3,05:34,12.8
143,대구,2015-07-27,29.2,33.1,11:39,25.0,05:39,8.1
143,대구,2015-07-28,29.8,34.5,13:40,25.5,06:34,9.0
143,대구,2015-07-29,29.2,33.4,13:01,25.9,05:53,7.5
143,대구,2015-07-30,31.2,37.0,14:50,26.3,02:53,10.7
143,대구,2015-07-31,30.5,36.3,15:53,26.6,04:57,9.7
143,대구,2015-08-01,30.8,36.8,14:54,25.7,05:49,11.1
143,대구,2015-08-02,28.6,35.6,14:33,24.3,05:16,11.3
143,대구,2015-08-03,30.4,36.4,14:43,25.8,05:24,10.6
143,대구,2015-08-04,30.3,36.8,15:54,24.3,05:41,12.5
143,대구,2015-08-05,30.7,37.7,16:14,24.3,06:01,13.4
143,대구,2015-08-06,31.3,38.3,15:15,25.6,05:31,12.7
143,대구,2015-08-07,29.4,37.7,15:33,24.7,05:45,13.0
143,대구,2015-08-08,27.6,35.2,13:01,24.5,05:42,10.7
143,대구,2015-08-09,28.7,34.5,15:10,23.6,02:21,10.9
143,대구,2015-08-10,28.2,33.5,15:21,24.6,05:09,8.9
143,대구,2015-08-11,26.5,31.5,14:42,19.8,23:20,11.7
143,대구,2015-08-12,21.1,22.8,14:49,19.3,05:59,3.5
143,대구,2015-08-13,24.0,30.7,14:06,20.6,18:13,10.1
143,대구,2015-08-14,25.8,32.0,16:03,21.2,05:30,10.8
143,대구,2015-08-15,26.9,33.2,14:38,21.8,05:17,11.4
143,대구,2015-08-16,25.9,30.3,13:46,22.9,05:38,7.4
143,대구,2015-08-17,24.7,30.3,13:17,21.5,07:03,8.8
143,대구,2015-08-18,24.4,28.2,14:50,20.7,05:36,7.5
143,대구,2015-08-19,24.9,28.2,14:41,21.5,04:09,6.7
143,대구,2015-08-20,23.2,24.5,15:14,21.5,23:50,3.0
143,대구,2015-08-21,23.2,28.6,15:57,19.9,04:52,8.7
143,대구,2015-08-22,25.3,30.4,13:41,21.6,03:47,8.8
143,대구,2015-08-23,25.8,29.5,14:57,22.3,06:44,7.2
143,대구,2015-08-24,24.9,27.3,11:06,22.8,22:42,4.5
143,대구,2015-08-25,21.9,24.0,08:05,20.3,20:40,3.7
143,대구,2015-08-26,22.8,28.5,15:07,19.6,04:10,8.9
143,대구,2015-08-27,23.7,29.9,13:59,18.3,05:59,11.6
143,대구,2015-08-28,23.2,29.5,13:38,19.5,06:07,10.0
143,대구,2015-08-29,23.3,28.6,15:42,20.0,05:03,8.6
143,대구,2015-08-30,24.0,29.0,13:21,19.1,06:00,9.9
143,대구,2015-08-31,23.9,28.6,14:07,20.8,05:28,7.8
143,대구,2016-06-01,20.6,25.1,13:29,16.6,23:56,8.5
143,대구,2016-06-02,20.8,28.0,16:45,12.3,05:11,15.7
143,대구,2016-06-03,23.9,31.2,14:45,15.9,05:29,15.3
143,대구,2016-06-04,20.5,23.0,11:04,17.4,23:54,5.6
143,대구,2016-06-05,20.8,25.6,13:49,16.8,01:39,8.8
143,대구,2016-06-06,18.4,19.3,15:14,17.7,08:59,1.6
143,대구,2016-06-07,22.9,28.4,13:51,17.8,04:34,10.6
143,대구,2016-06-08,21.9,24.7,15:00,19.6,08:28,5.1
143,대구,2016-06-09,22.7,27.4,12:44,19.7,05:22,7.7
143,대구,2016-06-10,24.5,32.1,16:05,18.2,04:14,13.9
143,대구,2016-06-11,25.3,31.6,13:45,20.7,05:11,10.9
143,대구,2016-06-12,23.9,26.3,13:33,21.7,05:17,4.6
143,대구,2016-06-13,23.1,28.3,14:10,19.2,24:00,9.1
143,대구,2016-06-14,22.6,28.4,15:17,18.5,04:02,9.9
143,대구,2016-06-15,23.3,25.6,14:03,19.4,03:42,6.2
143,대구,2016-06-16,24.8,28.9,14:18,21.9,23:26,7.0
143,대구,2016-06-17,25.3,32.0,15:48,19.5,03:11,12.5
143,대구,2016-06-18,26.3,33.5,15:21,20.3,05:32,13.2
143,대구,2016-06-19,25.8,32.6,16:57,20.5,03:40,12.1
143,대구,2016-06-20,25.1,31.5,12:02,19.1,05:18,12.4
143,대구,2016-06-21,23.3,25.3,15:37,22.0,02:09,3.3
143,대구,2016-06-22,22.8,25.5,15:18,20.9,05:01,4.6
143,대구,2016-06-23,26.2,32.7,14:37,20.3,05:40,12.4
143,대구,2016-06-24,22.7,25.5,17:30,20.1,09:06,5.4
143,대구,2016-06-25,24.9,29.6,16:16,21.0,05:07,8.6
143,대구,2016-06-26,24.8,30.9,15:13,18.7,05:26,12.2
143,대구,2016-06-27,22.6,27.8,15:12,18.8,04:42,9.0
143,대구,2016-06-28,23.0,27.8,12:10,18.4,05:12,9.4
143,대구,2016-06-29,23.2,26.6,16:21,19.4,04:48,7.2
143,대구,2016-06-30,25.8,32.3,15:39,20.7,04:10,11.6
143,대구,2016-07-01,25.4,28.5,12:21,23.5,00:37,5.0
143,대구,2016-07-02,25.1,28.3,02:14,22.9,19:46,5.4
143,대구,2016-07-03,22.8,26.7,12:58,20.3,17:14,6.4
143,대구,2016-07-04,21.4,23.0,12:14,20.5,00:39,2.5
143,대구,2016-07-05,27.1,32.6,14:39,21.1,00:15,11.5
143,대구,2016-07-06,24.3,31.0,10:42,20.7,23:46,10.3
143,대구,2016-07-07,24.3,32.6,15:39,19.4,04:53,13.2
143,대구,2016-07-08,25.8,31.7,16:21,20.0,05:42,11.7
143,대구,2016-07-09,27.9,33.9,14:14,21.5,05:18,12.4
143,대구,2016-07-10,28.6,33.5,16:20,24.5,05:51,9.0
143,대구,2016-07-11,26.0,29.9,12:46,23.4,05:43,6.5
143,대구,2016-07-12,26.5,29.7,10:50,24.2,24:00,5.5
143,대구,2016-07-13,28.1,32.4,15:41,23.7,00:59,8.7
143,대구,2016-07-14,26.0,32.3,15:03,22.7,05:12,9.6
143,대구,2016-07-15,24.3,29.8,14:44,20.5,05:54,9.3
143,대구,2016-07-16,22.1,22.8,00:58,21.2,16:26,1.6
143,대구,2016-07-17,26.0,31.6,15:12,21.2,02:34,10.4
143,대구,2016-07-18,25.9,30.9,14:36,21.6,05:18,9.3
143,대구,2016-07-19,25.1,29.8,13:48,22.6,23:59,7.2
143,대구,2016-07-20,24.7,29.0,14:42,22.0,02:25,7.0
143,대구,2016-07-21,24.1,29.2,16:08,21.1,02:18,8.1
143,대구,2016-07-22,25.1,30.6,16:39,20.9,04:12,9.7
143,대구,2016-07-23,27.3,34.0,16:16,20.6,05:17,13.4
143,대구,2016-07-24,27.6,36.0,14:43,23.4,05:08,12.6
143,대구,2016-07-25,27.1,32.6,11:08,24.6,14:35,8.0
143,대구,2016-07-26,29.7,35.0,15:59,25.4,03:39,9.6
143,대구,2016-07-27,30.3,36.1,15:56,25.8,04:40,10.3
143,대구,2016-07-28,30.8,35.4,16:27,27.3,05:14,8.1
143,대구,2016-07-29,30.9,36.0,14:00,26.2,05:21,9.8
143,대구,2016-07-30,29.7,35.1,15:14,25.7,23:59,9.4
143,대구,2016-07-31,28.1,35.1,16:14,22.7,20:00,12.4
143,대구,2016-08-01,27.6,34.3,12:28,23.4,03:30,10.9
143,대구,2016-08-02,26.7,32.2,14:39,24.3,05:47,7.9
143,대구,2016-08-03,26.5,33.2,14:02,24.0,04:27,9.2
143,대구,2016-08-04,27.7,33.8,15:17,23.5,03:03,10.3
143,대구,2016-08-05,28.5,34.5,15:23,23.4,05:56,11.1
143,대구,2016-08-06,29.5,35.1,15:13,24.5,06:28,10.6
143,대구,2016-08-07,28.6,34.6,13:06,25.0,05:17,9.6
143,대구,2016-08-08,28.5,35.6,12:55,24.9,05:41,10.7
143,대구,2016-08-09,27.7,31.8,13:47,24.9,23:53,6.9
143,대구,2016-08-10,29.4,35.4,15:11,23.0,05:19,12.4
143,대구,2016-08-11,31.4,37.8,15:28,25.5,05:32,12.3
143,대구,2016-08-12,31.8,37.7,14:38,26.4,06:08,11.3
143,대구,2016-08-13,32.4,38.1,15:56,26.1,05:55,12.0
143,대구,2016-08-14,31.9,37.0,16:00,26.5,05:54,10.5
143,대구,2016-08-15,30.7,36.0,15:39,26.9,05:52,9.1
143,대구,2016-08-16,28.3,32.8,15:31,25.6,04:12,7.2
143,대구,2016-08-17,28.2,35.2,15:11,23.6,05:58,11.6
143,대구,2016-08-18,28.8,35.0,15:29,24.0,05:36,11.0
143,대구,2016-08-19,28.6,34.6,13:25,23.9,05:25,10.7
143,대구,2016-08-20,28.1,33.6,14:36,23.4,06:02,10.2
143,대구,2016-08-21,28.4,33.9,15:19,23.6,06:17,10.3
143,대구,2016-08-22,28.4,34.6,13:33,23.3,05:38,11.3
143,대구,2016-08-23,27.9,32.5,14:11,24.5,23:57,8.0
143,대구,2016-08-24,27.5,33.9,14:58,22.1,05:38,11.8
143,대구,2016-08-25,29.5,36.2,14:59,21.0,05:32,15.2
143,대구,2016-08-26,22.3,30.2,00:24,19.1,16:16,11.1
143,대구,2016-08-27,23.1,27.4,13:39,18.6,05:04,8.8
143,대구,2016-08-28,19.3,23.0,01:40,17.9,05:21,5.1
143,대구,2016-08-29,21.4,25.6,14:53,17.9,05:45,7.7
143,대구,2016-08-30,21.9,26.0,11:32,16.9,05:10,9.1
143,대구,2016-08-31,24.7,28.5,13:23,20.3,02:45,8.2
143,대구,2017-06-01,23.8,32.6,15:49,17.5,23:48,15.1
143,대구,2017-06-02,20.2,28.8,15:33,14.3,05:16,14.5
143,대구,2017-06-03,20.7,27.3,13:40,16.2,23:54,11.1
143,대구,2017-06-04,20.7,29.1,15:28,12.2,05:01,16.9
143,대구,2017-06-05,19.6,26.8,13:29,13.4,05:06,13.4
143,대구,2017-06-06,17.9,21.8,14:15,15.2,05:26,6.6
143,대구,2017-06-07,21.3,26.5,15:32,17.3,00:02,9.2
143,대구,2017-06-08,22.6,27.9,15:56,18.1,03:45,9.8
143,대구,2017-06-09,25.6,33.0,15:20,17.4,05:11,15.6
143,대구,2017-06-10,22.5,28.9,15:31,18.6,23:54,10.3
143,대구,2017-06-11,21.1,28.9,15:03,17.1,04:47,11.8
143,대구,2017-06-12,19.2,23.8,14:17,15.8,05:15,8.0
143,대구,2017-06-13,20.5,27.7,16:42,15.7,04:16,12.0
143,대구,2017-06-14,22.6,29.2,15:38,15.3,05:52,13.9
143,대구,2017-06-15,25.8,32.7,14:32,20.5,05:29,12.2
143,대구,2017-06-16,22.1,28.0,14:04,18.4,23:49,9.6
143,대구,2017-06-17,23.5,32.4,16:26,16.4,05:09,16.0
143,대구,2017-06-18,26.1,35.7,15:36,17.8,04:41,17.9
143,대구,2017-06-19,28.6,36.3,15:44,20.3,05:52,16.0
143,대구,2017-06-20,25.0,30.5,14:23,19.9,23:58,10.6
143,대구,2017-06-21,24.2,32.2,14:43,18.7,05:19,13.5
143,대구,2017-06-22,26.0,33.2,17:45,18.9,05:17,14.3
143,대구,2017-06-23,26.6,33.8,13:31,20.2,05:49,13.6
143,대구,2017-06-24,25.8,33.2,14:43,20.4,05:03,12.8
143,대구,2017-06-25,23.5,29.7,12:34,19.7,22:13,10.0
143,대구,2017-06-26,21.9,26.8,14:39,19.7,00:14,7.1
143,대구,2017-06-27,23.9,28.5,14:39,20.1,04:49,8.4
143,대구,2017-06-28,25.9,32.7,15:11,19.7,05:44,13.0
143,대구,2017-06-29,25.2,29.6,15:18,21.2,05:16,8.4
143,대구,2017-06-30,27.1,32.7,16:49,21.5,03:48,11.2
143,대구,2017-07-01,27.5,30.5,18:01,24.9,04:55,5.6
143,대구,2017-07-02,27.4,31.1,11:30,23.7,05:15,7.4
143,대구,2017-07-03,28.7,34.3,14:18,25.7,23:41,8.6
143,대구,2017-07-04,26.4,32.1,12:58,24.0,22:26,8.1
143,대구,2017-07-05,27.4,33.1,15:00,22.7,05:57,10.4
143,대구,2017-07-06,26.9,32.8,14:21,23.4,06:09,9.4
143,대구,2017-07-07,26.8,29.2,16:38,24.4,05:14,4.8
143,대구,2017-07-08,26.8,29.7,16:30,25.0,05:36,4.7
143,대구,2017-07-09,29.3,35.4,13:33,25.0,05:05,10.4
143,대구,2017-07-10,29.5,32.6,15:16,27.2,05:52,5.4
143,대구,2017-07-11,29.7,34.0,15:49,26.8,23:57,7.2
143,대구,2017-07-12,30.6,35.9,15:43,25.9,03:31,10.0
143,대구,2017-07-13,30.8,37.2,16:07,24.3,05:44,12.9
143,대구,2017-07-14,28.2,35.8,16:11,23.1,20:49,12.7
143,대구,2017-07-15,26.3,30.9,12:49,23.7,00:01,7.2
143,대구,2017-07-16,28.7,34.5,14:47,24.8,04:40,9.7
143,대구,2017-07-17,27.0,33.0,15:47,22.8,18:03,10.2
143,대구,2017-07-18,27.6,32.0,13:30,23.3,04:50,8.7
143,대구,2017-07-19,29.6,35.2,16:52,23.9,05:06,11.3
143,대구,2017-07-20,30.8,35.6,15:35,25.6,05:16,10.0
143,대구,2017-07-21,31.8,36.6,16:30,27.5,04:42,9.1
143,대구,2017-07-22,28.8,38.4,12:20,22.7,23:33,15.7
143,대구,2017-07-23,27.7,31.9,17:51,22.5,03:15,9.4
143,대구,2017-07-24,28.5,35.9,13:32,26.4,23:34,9.5
143,대구,2017-07-25,25.9,27.9,11:05,24.0,23:47,3.9
143,대구,2017-07-26,25.4,30.1,15:42,21.9,23:57,8.2
143,대구,2017-07-27,26.4,33.9,16:13,19.1,05:22,14.8
143,대구,2017-07-28,28.2,35.4,13:34,21.9,05:20,13.5
143,대구,2017-07-29,23.3,26.2,00:01,21.5,06:46,4.7
143,대구,2017-07-30,26.3,30.9,16:15,22.0,02:22,8.9
143,대구,2017-07-31,24.8,26.1,18:08,23.7,05:35,2.4
143,대구,2017-08-01,26.9,32.8,15:22,23.4,01:58,9.4
143,대구,2017-08-02,26.4,31.3,16:03,23.2,04:45,8.1
143,대구,2017-08-03,26.9,32.1,15:05,22.5,05:21,9.6
143,대구,2017-08-04,29.3,35.6,15:24,24.3,05:25,11.3
143,대구,2017-08-05,30.1,36.5,14:18,25.2,05:30,11.3
143,대구,2017-08-06,30.9,37.0,15:10,25.8,05:47,11.2
143,대구,2017-08-07,30.9,35.5,14:32,26.3,04:40,9.2
143,대구,2017-08-08,29.9,34.5,14:28,24.8,05:55,9.7
143,대구,2017-08-09,27.0,29.7,11:39,24.5,23:52,5.2
143,대구,2017-08-10,24.7,26.2,16:58,23.6,23:52,2.6
143,대구,2017-08-11,26.0,32.3,14:27,22.8,04:44,9.5
143,대구,2017-08-12,24.9,30.2,12:39,21.3,05:35,8.9
143,대구,2017-08-13,23.6,26.7,13:15,20.5,04:36,6.2
143,대구,2017-08-14,22.4,24.2,14:35,21.3,04:17,2.9
143,대구,2017-08-15,23.5,25.2,14:38,21.6,04:50,3.6
143,대구,2017-08-16,25.2,30.4,15:29,22.8,05:22,7.6
143,대구,2017-08-17,25.1,30.3,15:35,22.0,02:57,8.3
143,대구,2017-08-18,25.5,31.1,14:27,21.8,06:01,9.3
143,대구,2017-08-19,25.1,30.2,14:55,22.8,05:31,7.4
143,대구,2017-08-20,25.5,29.3,13:28,23.2,00:54,6.1
143,대구,2017-08-21,26.1,32.0,14:12,23.4,05:14,8.6
143,대구,2017-08-22,27.5,33.5,13:37,23.7,05:48,9.8
143,대구,2017-08-23,30.4,35.9,16:05,25.2,03:46,10.7
143,대구,2017-08-24,31.0,35.5,14:53,26.2,23:51,9.3
143,대구,2017-08-25,28.6,33.7,14:55,24.1,23:12,9.6
143,대구,2017-08-26,25.5,31.4,13:52,20.0,23:56,11.4
143,대구,2017-08-27,23.7,31.0,15:32,16.9,06:04,14.1
143,대구,2017-08-28,26.0,32.3,15:18,19.0,05:31,13.3
143,대구,2017-08-29,26.1,30.9,13:33,21.4,23:33,9.5
143,대구,2017-08-30,21.9,25.6,12:18,19.4,23:55,6.2
143,대구,2017-08-31,21.9,29.1,15:59,15.5,06:04,13.6
143,대구,2018-06-01,24.3,32.2,15:20,15.5,05:03,16.7
143,대구,2018-06-02,26.8,33.9,16:01,18.8,04:45,15.1
143,대구,2018-06-03,25.2,32.1,16:33,18.4,05:02,13.7
143,대구,2018-06-04,25.3,30.8,16:31,19.2,05:17,11.6
143,대구,2018-06-05,22.6,26.0,16:20,20.4,23:56,5.6
143,대구,2018-06-06,24.6,31.5,16:08,17.6,05:12,13.9
143,대구,2018-06-07,27.0,33.8,16:53,19.6,05:12,14.2
143,대구,2018-06-08,25.6,31.7,16:09,21.2,05:32,10.5
143,대구,2018-06-09,20.2,23.3,15:44,18.0,23:54,5.3
143,대구,2018-06-10,18.7,22.4,14:25,15.8,23:49,6.6
143,대구,2018-06-11,17.0,19.6,15:38,15.3,05:41,4.3
143,대구,2018-06-12,19.1,25.6,15:33,15.2,03:45,10.4
143,대구,2018-06-13,20.3,25.2,15:03,17.3,05:31,7.9
143,대구,2018-06-14,20.1,24.2,15:27,17.3,05:08,6.9
143,대구,2018-06-15,19.1,23.1,13:20,17.2,23:47,5.9
143,대구,2018-06-16,18.7,22.6,16:13,16.0,23:41,6.6
143,대구,2018-06-17,21.9,29.0,15:02,13.7,05:24,15.3
143,대구,2018-06-18,25.4,32.4,14:54,18.9,04:56,13.5
143,대구,2018-06-19,22.4,25.0,15:37,20.3,21:30,4.7
143,대구,2018-06-20,24.7,29.5,16:36,18.7,05:34,10.8
143,대구,2018-06-21,25.4,31.8,15:37,19.1,05:28,12.7
143,대구,2018-06-22,25.6,32.0,14:29,17.7,05:13,14.3
143,대구,2018-06-23,26.4,32.3,15:33,20.9,06:13,11.4
143,대구,2018-06-24,28.6,35.0,14:23,22.6,02:55,12.4
143,대구,2018-06-25,28.2,35.3,16:45,20.9,05:59,14.4
143,대구,2018-06-26,26.0,28.6,15:46,22.3,05:17,6.3
143,대구,2018-06-27,25.8,32.1,15:55,20.0,08:54,12.1
143,대구,2018-06-28,23.3,25.4,16:13,20.9,09:11,4.5
143,대구,2018-06-29,25.7,29.8,15:12,21.5,01:59,8.3
143,대구,2018-06-30,22.7,25.6,00:01,20.4,23:58,5.2
143,대구,2018-07-01,24.7,30.2,14:32,19.7,04:41,10.5
143,대구,2018-07-02,24.5,29.0,15:50,21.6,07:39,7.4
143,대구,2018-07-03,23.9,27.3,09:17,22.3,18:27,5.0
143,대구,2018-07-04,26.2,33.4,15:13,22.2,00:15,11.2
143,대구,2018-07-05,22.4,25.0,15:12,21.4,23:37,3.6
143,대구,2018-07-06,20.8,22.5,10:20,18.9,23:54,3.6
143,대구,2018-07-07,20.2,24.3,14:19,18.0,23:59,6.3
143,대구,2018-07-08,19.4,22.3,12:39,17.6,01:12,4.7
143,대구,2018-07-09,19.2,20.7,14:40,17.9,07:30,2.8
143,대구,2018-07-10,24.6,30.9,15:48,18.6,01:53,12.3
143,대구,2018-07-11,28.2,32.9,14:42,23.0,05:28,9.9
143,대구,2018-07-12,29.6,34.4,14:14,24.8,05:19,9.6
143,대구,2018-07-13,30.6,35.1,15:17,26.6,04:07,8.5
143,대구,2018-07-14,30.7,36.4,16:40,26.0,05:31,10.4
143,대구,2018-07-15,31.3,36.5,14:59,26.5,03:43,10.0
143,대구,2018-07-16,31.3,37.2,13:58,25.9,05:13,11.3
143,대구,2018-07-17,30.9,36.6,14:15,26.1,05:12,10.5
143,대구,2018-07-18,30.7,35.6,13:58,25.4,05:35,10.2
143,대구,2018-07-19,31.0,36.6,13:39,26.0,05:34,10.6
143,대구,2018-07-20,31.5,38.5,14:14,25.4,06:11,13.1
143,대구,2018-07-21,31.1,36.8,16:02,25.7,05:29,11.1
143,대구,2018-07-22,31.1,35.8,14:42,26.3,05:41,9.5
143,대구,2018-07-23,32.2,38.0,16:17,27.4,05:08,10.6
143,대구,2018-07-24,32.2,38.6,15:08,26.7,05:47,11.9
143,대구,2018-07-25,32.3,37.1,14:03,27.2,05:21,9.9
143,대구,2018-07-26,33.1,38.0,13:53,27.9,05:42,10.1
143,대구,2018-07-27,32.4,39.2,15:45,28.6,05:35,10.6
143,대구,2018-07-28,29.3,33.9,11:27,26.7,24:00,7.2
143,대구,2018-07-29,30.3,36.9,14:22,24.4,05:42,12.5
143,대구,2018-07-30,28.5,33.0,12:18,25.4,03:21,7.6
143,대구,2018-07-31,29.2,34.3,16:27,24.3,05:26,10.0
143,대구,2018-08-01,30.4,37.5,15:46,24.0,05:54,13.5
143,대구,2018-08-02,30.8,37.2,15:00,25.2,05:42,12.0
143,대구,2018-08-03,31.0,37.8,14:26,25.3,05:43,12.5
143,대구,2018-08-04,32.3,38.7,16:38,27.2,05:29,11.5
143,대구,2018-08-05,32.2,36.9,14:49,28.6,05:43,8.3
143,대구,2018-08-06,30.4,36.1,14:46,26.9,23:58,9.2
143,대구,2018-08-07,28.4,32.2,14:21,25.9,23:58,6.3
143,대구,2018-08-08,29.1,37.1,14:32,24.1,04:41,13.0
143,대구,2018-08-09,29.3,37.0,15:09,24.9,06:15,12.1
143,대구,2018-08-10,25.9,28.8,12:40,23.7,08:01,5.1
143,대구,2018-08-11,26.5,29.5,11:38,24.8,05:53,4.7
143,대구,2018-08-12,27.7,32.0,14:14,24.2,07:14,7.8
143,대구,2018-08-13,30.6,36.2,16:02,25.4,05:47,10.8
143,대구,2018-08-14,30.7,36.8,15:09,24.6,05:56,12.2
143,대구,2018-08-15,28.7,34.9,12:15,24.7,05:48,10.2
143,대구,2018-08-16,26.2,31.9,12:16,23.9,23:54,8.0
143,대구,2018-08-17,24.5,28.2,12:12,21.6,23:49,6.6
143,대구,2018-08-18,23.8,28.6,13:46,18.7,05:55,9.9
143,대구,2018-08-19,24.9,31.3,15:29,18.4,06:06,12.9
143,대구,2018-08-20,26.3,32.4,14:45,20.0,05:31,12.4
143,대구,2018-08-21,29.3,36.9,15:40,21.0,05:08,15.9
143,대구,2018-08-22,29.4,33.7,12:58,25.0,04:48,8.7
143,대구,2018-08-23,27.6,29.7,02:04,25.3,21:21,4.4
143,대구,2018-08-24,29.2,33.5,16:06,24.8,05:09,8.7
143,대구,2018-08-25,25.4,31.9,13:12,23.4,04:41,8.5
143,대구,2018-08-26,20.8,23.9,00:01,19.3,08:33,4.6
143,대구,2018-08-27,22.9,24.9,17:42,20.4,02:57,4.5
143,대구,2018-08-28,25.7,31.7,16:23,23.0,23:46,8.7
143,대구,2018-08-29,27.6,33.0,16:14,22.4,03:52,10.6
143,대구,2018-08-30,27.7,32.4,13:25,24.9,06:01,7.5
143,대구,2018-08-31,23.7,26.3,00:55,21.7,12:58,4.6
143,대구,2019-06-01,21.3,27.2,16:22,14.5,05:31,12.7
143,대구,2019-06-02,23.2,30.3,16:03,15.2,05:31,15.1
143,대구,2019-06-03,25.4,33.0,15:26,16.7,05:03,16.3
143,대구,2019-06-04,27.1,34.3,15:37,19.1,04:35,15.2
143,대구,2019-06-05,27.4,35.7,16:04,20.9,05:16,14.8
143,대구,2019-06-06,24.3,32.8,13:53,17.1,23:21,15.7
143,대구,2019-06-07,18.5,19.9,13:50,17.2,00:06,2.7
143,대구,2019-06-08,21.1,27.1,16:19,16.7,04:32,10.4
143,대구,2019-06-09,18.6,22.7,13:46,15.7,05:28,7.0
143,대구,2019-06-10,19.0,23.7,12:42,15.0,04:38,8.7
143,대구,2019-06-11,19.4,25.3,13:15,16.4,04:12,8.9
143,대구,2019-06-12,21.1,27.6,15:49,16.8,01:22,10.8
143,대구,2019-06-13,22.9,30.3,14:32,14.8,05:38,15.5
143,대구,2019-06-14,20.2,23.6,13:04,17.2,05:09,6.4
143,대구,2019-06-15,21.3,29.5,14:31,16.1,04:46,13.4
143,대구,2019-06-16,20.8,28.2,13:33,15.9,05:17,12.3
143,대구,2019-06-17,24.0,30.0,16:16,18.4,05:49,11.6
143,대구,2019-06-18,24.1,30.6,15:11,19.8,05:21,10.8
143,대구,2019-06-19,24.6,29.2,16:38,19.3,05:10,9.9
143,대구,2019-06-20,26.8,33.2,16:21,20.0,05:37,13.2
143,대구,2019-06-21,25.5,33.6,14:49,19.3,23:44,14.3
143,대구,2019-06-22,21.5,26.7,16:47,17.9,04:00,8.8
143,대구,2019-06-23,21.5,26.6,13:04,15.9,05:05,10.7
143,대구,2019-06-24,23.1,30.2,14:42,17.5,04:39,12.7
143,대구,2019-06-25,25.0,32.4,14:39,17.8,05:47,14.6
143,대구,2019-06-26,19.7,22.3,00:01,18.3,13:45,4.0
143,대구,2019-06-27,24.4,29.7,18:08,20.6,00:01,9.1
143,대구,2019-06-28,23.6,27.1,13:23,21.2,01:21,5.9
143,대구,2019-06-29,21.5,22.5,07:10,20.5,16:41,2.0
143,대구,2019-06-30,25.7,30.9,17:09,21.1,00:01,9.8
143,대구,2019-07-01,24.3,27.6,17:11,21.2,05:54,6.4
143,대구,2019-07-02,25.2,31.2,15:43,19.0,05:03,12.2
143,대구,2019-07-03,24.8,29.6,14:54,19.7,05:21,9.9
143,대구,2019-07-04,26.4,32.6,13:24,19.9,05:12,12.7
143,대구,2019-07-05,26.4,32.8,15:12,20.8,05:37,12.0
143,대구,2019-07-06,24.0,29.1,13:57,19.8,05:24,9.3
143,대구,2019-07-07,22.9,26.7,15:04,20.5,03:49,6.2
143,대구,2019-07-08,22.3,27.0,13:47,19.6,05:56,7.4
143,대구,2019-07-09,21.6,24.7,13:01,18.8,04:18,5.9
143,대구,2019-07-10,21.4,23.3,12:08,20.1,19:16,3.2
143,대구,2019-07-11,24.4,29.2,14:45,20.5,04:44,8.7
143,대구,2019-07-12,25.3,30.0,15:31,22.3,04:50,7.7
143,대구,2019-07-13,24.4,28.8,16:57,21.2,06:44,7.6
143,대구,2019-07-14,24.6,29.4,14:31,21.3,05:13,8.1
143,대구,2019-07-15,23.2,27.1,16:21,21.2,23:38,5.9
143,대구,2019-07-16,24.6,29.7,15:33,21.0,01:28,8.7
143,대구,2019-07-17,25.0,29.4,13:51,20.4,05:19,9.0
143,대구,2019-07-18,24.1,27.6,15:46,21.0,08:35,6.6
143,대구,2019-07-19,24.2,26.6,12:41,22.7,07:54,3.9
143,대구,2019-07-20,24.6,25.8,15:01,23.5,01:56,2.3
143,대구,2019-07-21,25.7,29.3,18:12,23.5,05:18,5.8
143,대구,2019-07-22,28.5,33.7,17:16,23.0,04:01,10.7
143,대구,2019-07-23,29.5,35.0,15:06,25.5,04:16,9.5
143,대구,2019-07-24,28.1,31.5,13:06,25.3,05:27,6.2
143,대구,2019-07-25,27.5,30.0,15:04,25.3,07:12,4.7
143,대구,2019-07-26,29.1,32.8,15:13,26.4,04:59,6.4
143,대구,2019-07-27,28.1,30.3,16:56,26.3,05:19,4.0
143,대구,2019-07-28,29.3,33.4,12:54,26.8,24:00,6.6
143,대구,2019-07-29,29.4,34.6,15:03,24.5,05:07,10.1
143,대구,2019-07-30,30.4,36.0,13:40,24.9,05:09,11.1
143,대구,2019-07-31,31.0,36.0,15:47,26.2,04:57,9.8
143,대구,2019-08-01,31.1,35.6,16:07,27.0,04:40,8.6
143,대구,2019-08-02,31.6,36.9,15:08,27.1,05:53,9.8
143,대구,2019-08-03,29.5,35.9,14:14,26.1,05:30,9.8
143,대구,2019-08-04,30.3,35.9,13:14,25.0,05:43,10.9
143,대구,2019-08-05,29.9,36.2,14:06,25.3,05:30,10.9
143,대구,2019-08-06,26.3,30.6,14:28,23.2,20:49,7.4
143,대구,2019-08-07,28.4,35.4,14:02,23.7,02:32,11.7
143,대구,2019-08-08,28.7,36.1,13:27,25.4,05:58,10.7
143,대구,2019-08-09,29.8,35.4,13:25,24.7,04:26,10.7
143,대구,2019-08-10,28.8,33.4,14:09,25.6,05:38,7.8
143,대구,2019-08-11,29.7,33.7,12:29,26.4,02:41,7.3
143,대구,2019-08-12,30.0,34.6,14:29,26.6,03:52,8.0
143,대구,2019-08-13,29.4,35.4,14:11,25.0,05:37,10.4
143,대구,2019-08-14,29.1,33.0,13:41,26.0,23:43,7.0
143,대구,2019-08-15,27.3,30.2,10:32,25.3,03:36,4.9
143,대구,2019-08-16,28.7,33.0,15:24,26.2,06:34,6.8
143,대구,2019-08-17,28.9,35.1,14:39,22.1,05:50,13.0
143,대구,2019-08-18,28.5,33.7,15:43,25.5,06:35,8.2
143,대구,2019-08-19,26.9,31.8,12:57,24.1,05:44,7.7
143,대구,2019-08-20,26.9,30.3,13:13,24.1,05:37,6.2
143,대구,2019-08-21,26.0,28.7,11:17,23.9,04:56,4.8
143,대구,2019-08-22,26.2,30.5,16:19,24.3,03:44,6.2
143,대구,2019-08-23,26.4,30.6,15:04,22.8,07:48,7.8
143,대구,2019-08-24,23.4,28.3,14:11,19.9,06:00,8.4
143,대구,2019-08-25,24.8,30.5,14:30,19.6,04:32,10.9
143,대구,2019-08-26,25.4,31.4,15:02,19.3,05:37,12.1
143,대구,2019-08-27,22.5,24.1,00:02,20.7,12:41,3.4
143,대구,2019-08-28,23.6,26.7,15:39,21.7,06:59,5.0
143,대구,2019-08-29,23.3,25.4,16:37,22.1,22:58,3.3
143,대구,2019-08-30,24.5,30.3,15:44,19.1,05:59,11.2
143,대구,2019-08-31,23.9,29.5,15:44,17.9,06:03,11.6
143,대구,2020-06-01,23.6,29.1,14:36,19.9,24:00,9.2
143,대구,2020-06-02,22.5,29.3,13:46,15.0,05:07,14.3
143,대구,2020-06-03,24.1,31.1,15:52,17.2,05:11,13.9
143,대구,2020-06-04,27.7,35.3,17:12,19.6,05:42,15.7
143,대구,2020-06-05,25.9,34.6,15:50,19.8,23:57,14.8
143,대구,2020-06-06,21.2,26.3,14:11,18.4,23:50,7.9
143,대구,2020-06-07,23.5,31.3,14:45,16.2,04:20,15.1
143,대구,2020-06-08,26.9,35.6,15:50,17.4,05:16,18.2
143,대구,2020-06-09,28.7,37.0,15:57,21.0,04:36,16.0
143,대구,2020-06-10,28.1,36.1,14:56,21.3,05:22,14.8
143,대구,2020-06-11,25.5,31.7,17:08,20.6,03:38,11.1
143,대구,2020-06-12,25.6,30.9,12:47,19.7,23:55,11.2
143,대구,2020-06-13,24.6,29.5,14:04,19.7,00:01,9.8
143,대구,2020-06-14,25.5,30.5,17:03,23.1,04:15,7.4
143,대구,2020-06-15,25.9,31.8,16:06,19.9,05:23,11.9
143,대구,2020-06-16,24.8,31.3,16:01,18.9,05:38,12.4
143,대구,2020-06-17,23.3,27.7,13:44,18.3,05:10,9.4
143,대구,2020-06-18,19.2,23.1,00:09,17.8,21:46,5.3
143,대구,2020-06-19,22.0,28.7,14:16,17.9,00:01,10.8
143,대구,2020-06-20,23.2,28.8,16:21,20.0,02:26,8.8
143,대구,2020-06-21,22.2,27.2,16:08,17.7,04:58,9.5
143,대구,2020-06-22,25.3,33.5,16:56,16.2,05:06,17.3
143,대구,2020-06-23,26.3,34.0,15:06,19.4,05:24,14.6
143,대구,2020-06-24,22.2,24.5,10:41,20.1,23:41,4.4
143,대구,2020-06-25,23.8,26.9,11:58,20.1,00:01,6.8
143,대구,2020-06-26,25.5,30.7,16:20,21.7,06:36,9.0
143,대구,2020-06-27,26.1,31.3,15:17,20.9,04:31,10.4
143,대구,2020-06-28,26.1,32.0,17:42,21.4,04:48,10.6
143,대구,2020-06-29,22.1,26.8,13:46,19.8,21:13,7.0
143,대구,2020-06-30,23.5,28.2,13:26,19.3,22:47,8.9
143,대구,2020-07-01,22.2,26.3,14:24,19.1,05:10,7.2
143,대구,2020-07-02,23.6,28.8,14:42,18.3,05:29,10.5
143,대구,2020-07-03,20.7,22.6,14:45,18.0,23:21,4.6
143,대구,2020-07-04,21.2,24.2,13:24,17.9,00:14,6.3
143,대구,2020-07-05,23.7,28.6,15:07,19.8,04:29,8.8
143,대구,2020-07-06,24.1,28.1,13:17,19.9,03:49,8.2
143,대구,2020-07-07,26.5,32.4,14:01,23.1,05:13,9.3
143,대구,2020-07-08,26.2,31.0,15:24,22.3,06:01,8.7
143,대구,2020-07-09,24.4,29.7,14:39,20.8,05:27,8.9
143,대구,2020-07-10,24.0,28.4,16:30,21.0,05:43,7.4
143,대구,2020-07-11,25.5,31.3,13:43,21.6,23:31,9.7
143,대구,2020-07-12,20.4,21.9,11:52,18.1,23:24,3.8
143,대구,2020-07-13,19.2,21.0,16:06,18.2,01:15,2.8
143,대구,2020-07-14,19.6,21.5,11:45,18.4,05:44,3.1
143,대구,2020-07-15,19.2,22.9,16:28,17.5,05:01,5.4
143,대구,2020-07-16,22.2,28.8,15:32,16.8,05:37,12.0
143,대구,2020-07-17,22.7,28.8,15:34,17.3,05:33,11.5
143,대구,2020-07-18,22.4,27.6,16:33,16.8,04:46,10.8
143,대구,2020-07-19,24.3,28.0,22:26,20.5,03:49,7.5
143,대구,2020-07-20,29.1,32.8,15:49,25.9,23:59,6.9
143,대구,2020-07-21,26.9,31.8,15:03,22.8,01:39,9.0
143,대구,2020-07-22,22.5,25.1,00:01,21.5,07:30,3.6
143,대구,2020-07-23,21.7,22.5,00:01,21.0,22:28,1.5
143,대구,2020-07-24,21.3,23.0,08:29,20.2,23:32,2.8
143,대구,2020-07-25,21.9,24.8,13:42,20.1,01:34,4.7
143,대구,2020-07-26,25.0,30.2,15:35,21.3,03:40,8.9
143,대구,2020-07-27,22.6,24.6,11:20,21.3,21:47,3.3
143,대구,2020-07-28,22.3,24.2,14:56,21.3,05:31,2.9
143,대구,2020-07-29,23.1,24.7,17:42,21.6,02:10,3.1
143,대구,2020-07-30,23.1,25.0,15:44,21.2,11:03,3.8
143,대구,2020-07-31,26.1,31.5,15:35,21.9,01:21,9.6
143,대구,2020-08-01,27.7,34.1,14:12,23.9,05:59,10.2
143,대구,2020-08-02,28.6,33.4,13:41,24.6,05:02,8.8
143,대구,2020-08-03,29.1,33.0,11:25,25.7,05:53,7.3
143,대구,2020-08-04,29.3,34.4,13:03,24.9,04:50,9.5
143,대구,2020-08-05,28.9,33.0,13:16,25.4,05:46,7.6
143,대구,2020-08-06,28.5,31.2,17:24,25.8,12:00,5.4
143,대구,2020-08-07,24.6,27.1,00:01,22.5,13:03,4.6
143,대구,2020-08-08,23.7,25.0,16:16,22.9,01:51,2.1
143,대구,2020-08-09,28.3,33.4,14:17,23.9,00:02,9.5
143,대구,2020-08-10,26.1,30.6,11:09,24.2,20:33,6.4
143,대구,2020-08-11,27.6,33.2,13:28,24.3,02:18,8.9
143,대구,2020-08-12,28.7,33.7,14:55,24.7,05:38,9.0
143,대구,2020-08-13,30.3,35.4,16:04,25.8,05:30,9.6
143,대구,2020-08-14,31.2,35.6,15:31,25.6,05:43,10.0
143,대구,2020-08-15,31.4,36.1,14:14,27.1,05:43,9.0
143,대구,2020-08-16,30.4,35.9,14:59,25.9,06:08,10.0
143,대구,2020-08-17,29.6,34.2,16:02,25.3,06:05,8.9
143,대구,2020-08-18,30.0,35.9,16:03,24.8,04:59,11.1
143,대구,2020-08-19,30.5,36.0,13:55,24.8,05:31,11.2
143,대구,2020-08-20,29.6,36.3,15:26,24.4,05:57,11.9
143,대구,2020-08-21,27.2,33.8,16:05,23.8,05:15,10.0
143,대구,2020-08-22,26.9,31.2,14:16,23.8,03:53,7.4
143,대구,2020-08-23,28.2,33.5,14:13,24.0,02:53,9.5
143,대구,2020-08-24,28.5,33.9,12:52,23.6,06:09,10.3
143,대구,2020-08-25,29.9,36.3,14:21,23.7,05:41,12.6
143,대구,2020-08-26,29.4,33.5,13:04,27.0,02:19,6.5
143,대구,2020-08-27,28.4,33.3,14:42,25.7,07:08,7.6
143,대구,2020-08-28,28.8,32.9,12:11,26.0,05:54,6.9
143,대구,2020-08-29,29.8,33.9,14:43,26.3,05:13,7.6
143,대구,2020-08-30,28.6,34.9,14:30,25.0,18:40,9.9
143,대구,2020-08-31,25.4,27.4,14:25,23.8,22:09,3.6
143,대구,2021-06-01,22.8,29.7,16:07,15.9,04:26,13.8
143,대구,2021-06-02,23.8,30.2,13:20,18.2,04:40,12.0
143,대구,2021-06-03,18.7,19.9,00:01,16.7,05:05,3.2
143,대구,2021-06-04,21.3,27.0,15:50,17.1,06:08,9.9
143,대구,2021-06-05,23.1,30.4,14:52,13.7,05:07,16.7
143,대구,2021-06-06,23.9,30.4,16:09,18.2,05:35,12.2
143,대구,2021-06-07,25.3,31.4,13:13,18.4,04:47,13.0
143,대구,2021-06-08,25.4,33.2,15:30,20.5,05:34,12.7
143,대구,2021-06-09,25.3,32.7,15:53,19.9,05:14,12.8
143,대구,2021-06-10,24.2,30.5,12:51,19.1,04:21,11.4
143,대구,2021-06-11,22.1,25.5,17:00,20.1,08:57,5.4
143,대구,2021-06-12,24.1,28.0,12:53,20.6,04:19,7.4
143,대구,2021-06-13,25.4,31.7,14:30,21.6,05:21,10.1
143,대구,2021-06-14,23.9,28.0,15:00,21.1,02:29,6.9
143,대구,2021-06-15,21.4,23.9,11:38,19.7,23:53,4.2
143,대구,2021-06-16,20.4,23.0,15:13,17.9,04:47,5.1
143,대구,2021-06-17,20.0,23.4,15:53,18.3,03:53,5.1
143,대구,2021-06-18,22.3,26.7,13:28,17.9,05:06,8.8
143,대구,2021-06-19,25.3,31.3,15:01,19.6,03:47,11.7
143,대구,2021-06-20,25.9,33.9,13:58,18.1,06:30,15.8
143,대구,2021-06-21,23.9,31.6,14:50,19.4,23:59,12.2
143,대구,2021-06-22,20.7,26.5,13:29,17.7,03:49,8.8
143,대구,2021-06-23,20.4,24.4,14:09,17.6,03:38,6.8
143,대구,2021-06-24,23.0,28.5,14:22,18.9,04:47,9.6
143,대구,2021-06-25,23.5,29.8,13:12,18.6,05:25,11.2
143,대구,2021-06-26,22.8,27.2,13:24,20.1,04:36,7.1
143,대구,2021-06-27,24.0,29.9,13:40,19.1,05:27,10.8
143,대구,2021-06-28,23.9,28.0,14:12,21.3,01:59,6.7
143,대구,2021-06-29,24.6,30.0,15:23,20.3,04:08,9.7
143,대구,2021-06-30,24.4,29.6,14:52,21.7,23:51,7.9
143,대구,2021-07-01,25.1,32.4,15:51,19.6,05:36,12.8
143,대구,2021-07-02,24.0,28.8,15:25,20.3,05:14,8.5
143,대구,2021-07-03,22.7,24.8,09:07,21.4,02:38,3.4
143,대구,2021-07-04,27.8,32.4,14:04,21.8,00:01,10.6
143,대구,2021-07-05,23.8,27.2,13:43,20.6,22:26,6.6
143,대구,2021-07-06,22.6,25.8,13:19,20.6,00:48,5.2
143,대구,2021-07-07,24.2,26.2,15:37,22.6,00:06,3.6
143,대구,2021-07-08,24.9,29.6,12:55,22.5,06:09,7.1
143,대구,2021-07-09,24.7,29.1,17:00,22.1,04:27,7.0
143,대구,2021-07-10,25.6,32.6,14:08,21.6,23:46,11.0
143,대구,2021-07-11,25.7,33.8,15:57,21.1,04:38,12.7
143,대구,2021-07-12,27.3,34.1,13:52,22.2,01:31,11.9
143,대구,2021-07-13,28.7,34.3,16:03,22.8,03:47,11.5
143,대구,2021-07-14,29.9,35.3,16:02,24.7,05:01,10.6
143,대구,2021-07-15,27.5,33.9,11:53,23.6,16:31,10.3
143,대구,2021-07-16,27.1,31.9,13:14,23.3,03:11,8.6
143,대구,2021-07-17,26.7,30.4,15:17,23.4,04:32,7.0
143,대구,2021-07-18,26.7,31.9,12:32,22.9,05:24,9.0
143,대구,2021-07-19,27.2,31.6,16:13,23.8,06:04,7.8
143,대구,2021-07-20,28.8,33.9,15:23,24.8,05:43,9.1
143,대구,2021-07-21,27.5,32.5,13:13,23.4,05:58,9.1
143,대구,2021-07-22,28.0,32.3,13:28,24.3,05:25,8.0
143,대구,2021-07-23,27.8,32.8,14:53,23.7,05:40,9.1
143,대구,2021-07-24,28.1,33.2,15:41,24.3,05:40,8.9
143,대구,2021-07-25,28.0,32.9,14:31,23.7,05:44,9.2
143,대구,2021-07-26,28.5,33.9,14:45,23.4,05:36,10.5
143,대구,2021-07-27,28.1,34.4,13:13,23.3,04:27,11.1
143,대구,2021-07-28,28.2,34.2,12:52,23.1,04:22,11.1
143,대구,2021-07-29,29.5,35.2,12:54,23.4,05:19,11.8
143,대구,2021-07-30,30.6,35.9,14:46,25.3,05:09,10.6
143,대구,2021-07-31,29.9,37.2,16:08,25.3,05:13,11.9
143,대구,2021-08-01,28.1,35.1,12:27,25.0,21:27,10.1
143,대구,2021-08-02,27.7,32.9,13:39,25.0,05:36,7.9
143,대구,2021-08-03,29.0,33.5,16:03,24.7,05:42,8.8
143,대구,2021-08-04,30.1,35.5,13:16,25.0,04:58,10.5
143,대구,2021-08-05,30.8,36.9,15:13,25.1,05:53,11.8
143,대구,2021-08-06,30.2,36.8,16:40,25.0,05:38,11.8
143,대구,2021-08-07,29.1,37.0,14:38,23.1,22:43,13.9
143,대구,2021-08-08,25.4,29.0,12:59,23.2,22:58,5.8
143,대구,2021-08-09,27.4,33.0,16:45,23.1,00:08,9.9
143,대구,2021-08-10,23.5,27.8,13:05,21.0,08:36,6.8
143,대구,2021-08-11,25.6,32.5,14:32,21.9,00:54,10.6
143,대구,2021-08-12,26.1,30.9,14:49,21.6,04:16,9.3
143,대구,2021-08-13,25.7,30.2,14:28,23.4,05:33,6.8
143,대구,2021-08-14,23.3,26.6,16:11,21.7,23:53,4.9
143,대구,2021-08-15,23.5,28.2,13:07,20.9,05:48,7.3
143,대구,2021-08-16,23.5,27.5,14:56,20.8,05:02,6.7
143,대구,2021-08-17,23.6,26.9,12:15,21.7,03:32,5.2
143,대구,2021-08-18,23.1,26.1,15:08,21.2,04:57,4.9
143,대구,2021-08-19,24.3,28.3,16:36,21.6,00:42,6.7
143,대구,2021-08-20,25.0,31.9,14:33,19.7,05:15,12.2
143,대구,2021-08-21,23.1,25.8,13:40,21.9,16:28,3.9
143,대구,2021-08-22,26.1,31.5,16:16,22.1,05:18,9.4
143,대구,2021-08-23,23.1,24.9,14:20,21.2,22:43,3.7
143,대구,2021-08-24,24.4,29.2,17:42,21.5,00:01,7.7
143,대구,2021-08-25,25.3,27.7,16:28,22.9,05:38,4.8
143,대구,2021-08-26,27.4,34.4,15:20,22.9,06:12,11.5
143,대구,2021-08-27,23.7,28.7,15:33,21.5,20:07,7.2
143,대구,2021-08-28,25.6,31.9,14:57,20.9,03:45,11.0
143,대구,2021-08-29,23.6,26.6,16:05,21.3,11:54,5.3
143,대구,2021-08-30,25.2,30.6,15:20,22.0,05:24,8.6
143,대구,2021-08-31,24.4,29.1,15:33,21.5,23:34,7.6
143,대구,2022-06-01,24.7,33.1,15:25,18.7,05:10,14.4
143,대구,2022-06-02,26.1,33.5,15:26,17.5,05:02,16.0
143,대구,2022-06-03,23.5,30.4,13:35,18.7,23:48,11.7
143,대구,2022-06-04,22.1,28.8,14:39,17.9,04:15,10.9
143,대구,2022-06-05,18.0,19.3,09:37,17.0,18:15,2.3
143,대구,2022-06-06,18.7,23.1,10:40,15.9,22:07,7.2
143,대구,2022-06-07,16.5,21.1,10:59,13.9,05:01,7.2
143,대구,2022-06-08,17.5,22.3,14:50,14.5,00:19,7.8
143,대구,2022-06-09,20.4,28.2,15:13,13.3,05:57,14.9
143,대구,2022-06-10,22.7,29.7,13:53,15.2,05:00,14.5
143,대구,2022-06-11,21.4,26.1,13:46,18.4,23:00,7.7
143,대구,2022-06-12,20.7,25.8,14:42,16.4,04:57,9.4
143,대구,2022-06-13,19.9,24.0,13:40,17.2,03:58,6.8
143,대구,2022-06-14,16.9,19.2,00:01,15.9,23:51,3.3
143,대구,2022-06-15,19.7,25.3,16:29,15.5,03:59,9.8
143,대구,2022-06-16,23.2,28.9,14:58,16.8,05:23,12.1
143,대구,2022-06-17,25.9,34.2,15:40,17.4,04:55,16.8
143,대구,2022-06-18,27.9,34.3,14:52,22.2,05:28,12.1
143,대구,2022-06-19,28.9,34.5,16:21,23.8,06:30,10.7
143,대구,2022-06-20,28.6,35.6,14:56,23.6,23:33,12.0
143,대구,2022-06-21,27.8,34.1,15:12,22.2,05:57,11.9
143,대구,2022-06-22,29.9,37.1,15:28,23.6,05:09,13.5
143,대구,2022-06-23,27.9,31.6,15:00,23.4,05:08,8.2
143,대구,2022-06-24,28.1,32.9,15:47,23.1,03:28,9.8
143,대구,2022-06-25,28.2,34.4,14:38,22.8,05:23,11.6
143,대구,2022-06-26,28.4,32.8,15:03,24.4,05:09,8.4
143,대구,2022-06-27,27.3,30.1,10:57,25.4,23:50,4.7
143,대구,2022-06-28,28.9,32.3,12:33,24.8,00:09,7.5
143,대구,2022-06-29,29.5,33.7,14:03,27.7,18:30,6.0
143,대구,2022-06-30,29.8,34.8,14:11,26.5,23:52,8.3
143,대구,2022-07-01,29.8,36.2,15:55,24.0,04:21,12.2
143,대구,2022-07-02,29.9,36.8,13:56,22.5,05:02,14.3
143,대구,2022-07-03,29.3,35.1,12:53,25.3,05:41,9.8
143,대구,2022-07-04,28.8,32.8,11:21,25.8,05:38,7.0
143,대구,2022-07-05,28.8,33.0,14:03,24.6,05:06,8.4
143,대구,2022-07-06,28.5,33.8,16:38,25.3,05:16,8.5
143,대구,2022-07-07,29.7,35.3,13:42,25.1,05:24,10.2
143,대구,2022-07-08,28.5,33.6,11:39,26.0,23:58,7.6
143,대구,2022-07-09,28.7,33.8,16:08,24.3,02:35,9.5
143,대구,2022-07-10,28.1,33.4,13:53,24.1,05:43,9.3
143,대구,2022-07-11,26.4,29.7,16:18,23.9,08:05,5.8
143,대구,2022-07-12,25.6,29.4,12:42,23.6,23:49,5.8
143,대구,2022-07-13,24.4,27.7,13:43,22.5,05:09,5.2
143,대구,2022-07-14,28.2,33.6,16:57,23.1,02:01,10.5
143,대구,2022-07-15,28.3,33.2,15:51,23.3,05:41,9.9
143,대구,2022-07-16,26.8,34.0,14:27,21.4,05:21,12.6
143,대구,2022-07-17,27.3,33.0,14:05,21.5,05:05,11.5
143,대구,2022-07-18,22.9,27.2,00:17,21.6,10:20,5.6
143,대구,2022-07-19,27.6,34.1,15:54,22.6,00:36,11.5
143,대구,2022-07-20,29.4,34.1,14:15,25.4,05:42,8.7
143,대구,2022-07-21,26.0,32.3,14:44,21.8,04:05,10.5
143,대구,2022-07-22,25.8,29.7,15:24,22.6,22:46,7.1
143,대구,2022-07-23,24.9,28.6,14:21,22.1,05:13,6.5
143,대구,2022-07-24,27.4,32.0,17:37,22.3,05:13,9.7
143,대구,2022-07-25,28.8,35.5,16:01,24.9,23:59,10.6
143,대구,2022-07-26,26.9,34.0,14:21,23.1,04:51,10.9
143,대구,2022-07-27,25.6,29.9,13:26,22.0,05:39,7.9
143,대구,2022-07-28,26.2,29.6,14:54,24.2,02:55,5.4
143,대구,2022-07-29,28.7,33.9,14:38,24.5,05:03,9.4
143,대구,2022-07-30,27.8,30.3,14:10,25.9,04:51,4.4
143,대구,2022-07-31,27.1,29.5,10:48,25.3,03:48,4.2
143,대구,2022-08-01,29.4,31.2,14:03,26.8,00:59,4.4
143,대구,2022-08-02,27.9,32.6,16:52,25.7,04:52,6.9
143,대구,2022-08-03,30.6,37.1,15:00,26.3,05:57,10.8
143,대구,2022-08-04,30.7,35.3,16:12,27.4,04:26,7.9
143,대구,2022-08-05,30.8,35.2,17:32,26.5,05:48,8.7
143,대구,2022-08-06,31.6,36.8,15:55,26.6,05:35,10.2
143,대구,2022-08-07,31.5,37.8,13:41,27.7,05:47,10.1
143,대구,2022-08-08,30.5,34.6,13:07,27.1,05:45,7.5
143,대구,2022-08-09,29.8,32.9,14:37,27.1,05:12,5.8
143,대구,2022-08-10,28.2,31.0,12:58,26.5,23:42,4.5
143,대구,2022-08-11,26.5,29.5,09:56,25.2,04:23,4.3
143,대구,2022-08-12,29.7,35.6,15:00,25.3,01:42,10.3
143,대구,2022-08-13,26.4,34.0,12:55,24.6,05:02,9.4
143,대구,2022-08-14,29.8,34.8,13:18,25.1,00:17,9.7
143,대구,2022-08-15,30.9,35.4,14:37,27.1,03:37,8.3
143,대구,2022-08-16,25.7,30.1,00:01,22.9,07:54,7.2
143,대구,2022-08-17,25.7,29.7,14:43,22.7,22:00,7.0
143,대구,2022-08-18,26.8,32.3,15:09,22.3,02:58,10.0
143,대구,2022-08-19,28.2,33.7,15:18,22.6,05:39,11.1
143,대구,2022-08-20,26.4,28.6,00:08,23.9,23:58,4.7
143,대구,2022-08-21,26.0,31.1,15:10,22.5,05:35,8.6
143,대구,2022-08-22,26.8,32.9,14:44,18.9,05:43,14.0
143,대구,2022-08-23,25.4,28.8,13:56,21.5,23:35,7.3
143,대구,2022-08-24,21.5,22.6,16:37,19.8,11:19,2.8
143,대구,2022-08-25,24.5,30.8,16:47,18.8,05:45,12.0
143,대구,2022-08-26,25.1,30.2,15:20,21.5,06:27,8.7
143,대구,2022-08-27,23.2,28.2,15:58,18.3,23:58,9.9
143,대구,2022-08-28,21.4,27.5,14:57,16.2,03:36,11.3
143,대구,2022-08-29,21.5,24.9,13:02,17.5,04:24,7.4
143,대구,2022-08-30,20.9,24.1,11:26,19.4,03:58,4.7
143,대구,2022-08-31,21.3,22.7,16:49,20.5,23:59,2.2
143,대구,2023-06-01,18.6,21.1,16:13,13.8,04:54,7.3
143,대구,2023-06-02,23.7,30.3,15:08,18.5,03:32,11.8
143,대구,2023-06-03,23.1,29.4,15:52,16.4,05:38,13.0
143,대구,2023-06-04,23.9,29.9,14:01,17.5,05:30,12.4
143,대구,2023-06-05,23.8,28.7,16:03,17.7,05:22,11.0
143,대구,2023-06-06,24.3,30.1,16:53,19.4,06:45,10.7
143,대구,2023-06-07,24.1,29.4,16:23,18.4,05:19,11.0
143,대구,2023-06-08,24.1,29.3,12:59,20.1,05:25,9.2
143,대구,2023-06-09,24.6,31.0,15:52,18.6,04:19,12.4
143,대구,2023-06-10,24.5,31.5,15:39,18.6,04:33,12.9
143,대구,2023-06-11,24.6,30.6,15:27,20.3,04:17,10.3
143,대구,2023-06-12,23.3,29.1,13:55,19.2,23:42,9.9
143,대구,2023-06-13,23.8,30.4,16:55,18.1,03:18,12.3
143,대구,2023-06-14,21.2,28.7,13:03,16.7,23:31,12.0
143,대구,2023-06-15,20.9,28.7,15:37,16.2,02:02,12.5
143,대구,2023-06-16,25.3,32.5,15:22,17.2,04:20,15.3
143,대구,2023-06-17,27.6,34.2,15:52,20.4,05:27,13.8
143,대구,2023-06-18,26.9,33.1,15:46,23.2,05:56,9.9
143,대구,2023-06-19,24.4,30.2,14:48,20.3,04:53,9.9
143,대구,2023-06-20,23.0,28.3,13:48,20.1,04:31,8.2
143,대구,2023-06-21,21.4,23.9,17:31,18.5,04:23,5.4
143,대구,2023-06-22,24.6,29.1,16:20,20.6,05:00,8.5
143,대구,2023-06-23,24.8,31.0,16:23,19.6,05:30,11.4
143,대구,2023-06-24,24.5,30.8,15:38,19.4,05:14,11.4
143,대구,2023-06-25,24.2,30.6,15:57,19.8,04:57,10.8
143,대구,2023-06-26,24.1,27.3,18:01,20.9,00:08,6.4
143,대구,2023-06-27,27.8,33.8,14:56,23.4,01:30,10.4
143,대구,2023-06-28,24.5,30.2,16:13,19.7,06:02,10.5
143,대구,2023-06-29,25.4,28.7,11:52,23.6,05:30,5.1
143,대구,2023-06-30,24.0,25.7,16:58,22.3,22:24,3.4
143,대구,2023-07-01,25.8,31.3,16:31,21.6,05:12,9.7
143,대구,2023-07-02,28.1,33.5,14:50,23.9,02:04,9.6
143,대구,2023-07-03,27.1,32.5,16:39,22.5,05:00,10.0
143,대구,2023-07-04,24.9,29.0,11:40,23.3,21:14,5.7
143,대구,2023-07-05,27.5,32.6,17:22,23.4,00:31,9.2
143,대구,2023-07-06,27.5,34.4,15:41,20.7,05:17,13.7
143,대구,2023-07-07,21.9,25.7,00:01,18.0,15:46,7.7
143,대구,2023-07-08,23.1,27.2,14:31,19.8,00:01,7.4
143,대구,2023-07-09,26.6,31.2,17:45,21.8,05:03,9.4
143,대구,2023-07-10,28.3,33.8,16:44,24.1,05:02,9.7
143,대구,2023-07-11,24.8,30.0,13:29,22.9,14:41,7.1
143,대구,2023-07-12,27.3,32.4,15:24,23.1,00:10,9.3
143,대구,2023-07-13,26.5,27.4,16:29,25.6,04:12,1.8
143,대구,2023-07-14,25.6,27.8,12:10,24.4,07:53,3.4
143,대구,2023-07-15,27.0,29.9,08:25,24.0,23:18,5.9
143,대구,2023-07-16,24.4,27.8,15:18,22.8,05:30,5.0
143,대구,2023-07-17,26.7,32.4,15:03,23.1,04:28,9.3
143,대구,2023-07-18,23.7,24.8,11:09,22.4,23:54,2.4
143,대구,2023-07-19,25.7,30.3,15:26,22.1,03:01,8.2
143,대구,2023-07-20,27.6,33.0,14:31,22.9,02:58,10.1
143,대구,2023-07-21,26.7,31.4,13:47,23.3,24:00,8.1
143,대구,2023-07-22,25.4,28.1,13:42,21.5,05:22,6.6
143,대구,2023-07-23,27.5,30.2,15:41,25.2,00:52,5.0
143,대구,2023-07-24,26.6,30.5,14:11,24.3,05:40,6.2
143,대구,2023-07-25,27.3,32.2,12:25,24.6,23:58,7.6
143,대구,2023-07-26,27.2,33.1,14:30,23.8,23:56,9.3
143,대구,2023-07-27,27.9,32.9,13:35,22.8,03:53,10.1
143,대구,2023-07-28,29.4,34.5,16:03,24.6,05:19,9.9
143,대구,2023-07-29,30.1,35.3,14:45,24.8,05:32,10.5
143,대구,2023-07-30,29.8,35.5,15:16,25.0,05:25,10.5
143,대구,2023-07-31,29.6,34.4,15:03,24.7,05:23,9.7
143,대구,2023-08-01,29.7,34.8,13:34,24.9,05:37,9.9
143,대구,2023-08-02,30.0,34.7,14:33,23.9,05:33,10.8
143,대구,2023-08-03,31.5,37.7,14:57,27.0,04:53,10.7
143,대구,2023-08-04,30.5,34.7,14:19,26.0,05:41,8.7
143,대구,2023-08-05,31.5,37.2,14:55,25.7,05:53,11.5
143,대구,2023-08-06,30.4,35.6,14:34,26.4,05:30,9.2
143,대구,2023-08-07,29.5,34.6,13:29,26.2,03:44,8.4
143,대구,2023-08-08,28.4,33.2,14:40,25.5,05:10,7.7
143,대구,2023-08-09,25.4,26.8,09:42,24.6,21:28,2.2
143,대구,2023-08-10,25.1,26.6,03:28,22.8,13:42,3.8
143,대구,2023-08-11,27.5,32.5,13:17,22.2,05:35,10.3
143,대구,2023-08-12,27.1,31.4,14:43,23.6,06:24,7.8
143,대구,2023-08-13,27.2,32.6,14:20,23.1,03:20,9.5
143,대구,2023-08-14,26.8,31.5,15:47,23.6,05:54,7.9
143,대구,2023-08-15,27.5,34.0,15:50,23.0,05:38,11.0
143,대구,2023-08-16,27.0,33.3,14:24,23.9,06:12,9.4
143,대구,2023-08-17,25.9,28.8,15:54,24.0,03:06,4.8
143,대구,2023-08-18,25.7,28.8,11:48,23.6,06:20,5.2
143,대구,2023-08-19,27.3,31.7,15:47,24.5,01:19,7.2
143,대구,2023-08-20,27.3,33.5,15:52,24.7,18:02,8.8
143,대구,2023-08-21,28.9,33.7,15:39,24.9,06:03,8.8
143,대구,2023-08-22,28.8,34.0,14:26,24.5,06:03,9.5
143,대구,2023-08-23,28.6,34.0,15:56,24.3,05:52,9.7
143,대구,2023-08-24,25.0,29.4,14:09,22.9,04:10,6.5
143,대구,2023-08-25,27.4,32.4,16:21,23.8,06:29,8.6
143,대구,2023-08-26,26.6,32.8,16:17,21.5,06:10,11.3
143,대구,2023-08-27,25.5,30.9,13:26,22.3,05:44,8.6
143,대구,2023-08-28,25.5,27.9,14:37,23.0,04:27,4.9
143,대구,2023-08-29,25.7,28.0,09:43,23.2,05:17,4.8
143,대구,2023-08-30,24.7,25.9,17:13,22.3,23:55,3.6
143,대구,2023-08-31,23.3,25.7,15:12,21.2,05:12,4.5
143,대구,2024-06-01,22.0,27.5,15:10,17.3,23:53,10.2
143,대구,2024-06-02,20.1,26.7,15:29,15.0,04:27,11.7
143,대구,2024-06-03,19.4,25.4,15:12,16.1,05:35,9.3
143,대구,2024-06-04,19.8,26.3,16:14,13.1,05:37,13.2
143,대구,2024-06-05,21.4,28.9,15:21,12.5,05:15,16.4
143,대구,2024-06-06,22.0,27.9,16:33,16.2,05:19,11.7
143,대구,2024-06-07,23.9,30.3,15:27,16.5,04:57,13.8
143,대구,2024-06-08,19.9,23.2,09:52,18.7,22:38,4.5
143,대구,2024-06-09,23.1,29.4,16:39,18.7,00:52,10.7
143,대구,2024-06-10,26.0,33.4,16:41,18.5,04:03,14.9
143,대구,2024-06-11,27.5,34.5,15:44,20.6,04:55,13.9
143,대구,2024-06-12,27.9,33.9,16:30,21.8,05:10,12.1
143,대구,2024-06-13,27.7,35.6,16:03,21.5,05:29,14.1
143,대구,2024-06-14,27.5,35.1,15:39,19.6,05:24,15.5
143,대구,2024-06-15,25.4,32.2,12:02,21.7,23:51,10.5
143,대구,2024-06-16,26.2,31.5,15:49,21.5,02:28,10.0
143,대구,2024-06-17,24.8,30.0,12:24,19.2,05:25,10.8
143,대구,2024-06-18,28.3,35.4,17:08,19.5,04:25,15.9
143,대구,2024-06-19,29.3,36.8,16:05,21.4,05:30,15.4
143,대구,2024-06-20,25.0,28.8,14:08,21.1,05:33,7.7
143,대구,2024-06-21,26.2,30.8,15:22,21.2,05:20,9.6
143,대구,2024-06-22,23.4,24.5,00:01,22.3,10:10,2.2
143,대구,2024-06-23,26.1,30.0,17:10,23.4,00:01,6.6
143,대구,2024-06-24,26.8,32.6,15:01,21.8,05:22,10.8
143,대구,2024-06-25,24.8,29.6,15:19,20.9,06:14,8.7
143,대구,2024-06-26,24.8,30.8,16:03,19.6,05:37,11.2
143,대구,2024-06-27,22.0,26.2,16:14,18.1,05:23,8.1
143,대구,2024-06-28,26.0,34.1,17:00,18.2,05:00,15.9
143,대구,2024-06-29,24.5,29.8,13:06,22.0,05:17,7.8
143,대구,2024-06-30,26.2,31.0,13:51,23.6,00:01,7.4
143,대구,2024-07-01,28.0,32.5,14:08,24.4,03:24,8.1
143,대구,2024-07-02,25.2,27.9,16:58,21.9,06:59,6.0
143,대구,2024-07-03,28.9,33.9,17:04,24.9,07:47,9.0
143,대구,2024-07-04,29.0,34.8,16:50,22.9,05:28,11.9
143,대구,2024-07-05,29.0,32.8,13:50,26.0,23:44,6.8
143,대구,2024-07-06,28.7,32.9,14:36,24.5,04:34,8.4
143,대구,2024-07-07,29.0,32.4,15:50,24.6,13:12,7.8
143,대구,2024-07-08,27.2,29.2,13:19,26.2,19:52,3.0
143,대구,2024-07-09,24.4,27.2,00:01,22.8,22:24,4.4
143,대구,2024-07-10,23.9,26.2,13:45,22.0,02:56,4.2
143,대구,2024-07-11,24.6,28.2,14:05,21.7,03:14,6.5
143,대구,2024-07-12,26.4,32.7,15:08,22.4,02:40,10.3
143,대구,2024-07-13,25.6,30.1,16:52,21.8,05:40,8.3
143,대구,2024-07-14,23.7,25.3,12:07,22.8,21:54,2.5
143,대구,2024-07-15,24.3,26.6,14:20,22.6,04:55,4.0
143,대구,2024-07-16,25.1,28.8,12:40,22.2,06:37,6.6
143,대구,2024-07-17,27.1,31.7,15:35,23.0,04:34,8.7
143,대구,2024-07-18,28.5,30.7,17:51,26.8,03:13,3.9
143,대구,2024-07-19,27.3,30.8,17:36,24.2,07:05,6.6
143,대구,2024-07-20,26.9,30.6,17:04,24.0,04:26,6.6
143,대구,2024-07-21,29.7,34.4,17:46,25.9,05:21,8.5
143,대구,2024-07-22,30.1,34.2,14:32,25.9,05:27,8.3
143,대구,2024-07-23,30.0,32.8,16:25,27.5,05:59,5.3
143,대구,2024-07-24,28.6,31.2,09:45,26.3,12:26,4.9
143,대구,2024-07-25,29.7,34.8,15:09,25.3,05:45,9.5
143,대구,2024-07-26,29.7,33.4,14:21,26.3,05:23,7.1
143,대구,2024-07-27,29.5,33.9,14:21,26.4,05:18,7.5
143,대구,2024-07-28,30.5,35.1,14:29,26.6,05:21,8.5
143,대구,2024-07-29,30.7,35.6,15:46,26.3,05:42,9.3
143,대구,2024-07-30,30.3,35.1,16:46,25.5,05:40,9.6
143,대구,2024-07-31,30.6,36.3,15:21,25.4,05:29,10.9
143,대구,2024-08-01,31.6,35.5,16:10,27.9,04:05,7.6
143,대구,2024-08-02,31.5,36.3,14:43,27.6,04:28,8.7
143,대구,2024-08-03,32.1,37.2,16:39,27.8,04:42,9.4
143,대구,2024-08-04,29.8,35.3,13:14,27.0,23:47,8.3
143,대구,2024-08-05,28.3,36.0,15:45,24.4,23:54,11.6
143,대구,2024-08-06,29.2,35.5,15:36,23.8,03:54,11.7
143,대구,2024-08-07,31.0,36.6,15:59,26.5,04:50,10.1
143,대구,2024-08-08,28.5,34.1,12:53,24.1,04:22,10.0
143,대구,2024-08-09,29.3,35.5,16:12,24.6,05:58,10.9
143,대구,2024-08-10,28.9,34.2,16:08,24.6,05:31,9.6
143,대구,2024-08-11,28.9,34.4,15:35,24.1,04:50,10.3
143,대구,2024-08-12,28.4,34.5,15:34,23.5,05:28,11.0
143,대구,2024-08-13,28.0,33.6,14:15,23.4,05:52,10.2
143,대구,2024-08-14,28.0,32.6,12:49,23.0,04:40,9.6
143,대구,2024-08-15,28.3,34.3,15:21,24.0,06:38,10.3
143,대구,2024-08-16,28.7,33.9,14:46,24.3,05:50,9.6
143,대구,2024-08-17,29.1,34.5,15:41,24.7,05:39,9.8
143,대구,2024-08-18,29.0,34.0,15:21,24.6,05:51,9.4
143,대구,2024-08-19,29.6,35.1,15:46,24.6,05:11,10.5
143,대구,2024-08-20,28.8,33.6,15:50,26.3,23:53,7.3
143,대구,2024-08-21,28.1,31.5,12:57,25.6,04:32,5.9
143,대구,2024-08-22,29.7,34.4,12:53,26.0,04:53,8.4
143,대구,2024-08-23,30.3,35.4,15:07,25.1,05:41,10.3
143,대구,2024-08-24,30.4,35.8,15:14,25.4,05:36,10.4
143,대구,2024-08-25,28.9,35.9,13:25,25.4,06:04,10.5
143,대구,2024-08-26,28.7,34.4,14:31,25.3,04:45,9.1
143,대구,2024-08-27,26.2,30.9,12:12,23.7,17:59,7.2
143,대구,2024-08-28,26.6,29.9,13:19,24.1,01:33,5.8
143,대구,2024-08-29,28.1,32.8,13:34,25.0,08:27,7.8
143,대구,2024-08-30,29.5,34.8,16:33,25.7,01:48,9.1
143,대구,2024-08-31,27.6,33.3,15:29,24.3,06:15,9.0
143,대구,2025-06-01,22.2,31.4,16:34,13.2,05:18,18.2
143,대구,2025-06-02,20.3,24.3,12:57,17.8,05:44,6.5
143,대구,2025-06-03,22.6,28.8,16:04,17.1,04:10,11.7
143,대구,2025-06-04,22.9,29.2,15:31,13.4,05:25,15.8
143,대구,2025-06-05,23.0,30.0,15:11,15.5,05:25,14.5
143,대구,2025-06-06,23.2,30.5,14:58,17.4,04:54,13.1
143,대구,2025-06-07,24.8,33.0,14:54,15.9,05:37,17.1
143,대구,2025-06-08,26.0,31.5,13:33,20.5,05:36,11.0
143,대구,2025-06-09,25.9,31.3,14:56,21.4,05:17,9.9
143,대구,2025-06-10,26.5,33.6,16:18,20.0,03:43,13.6
143,대구,2025-06-11,25.6,31.5,16:08,20.6,06:48,10.9
143,대구,2025-06-12,25.3,31.7,16:02,19.1,05:26,12.6
143,대구,2025-06-13,20.5,24.9,12:52,17.8,22:56,7.1
143,대구,2025-06-14,21.9,27.1,17:16,18.0,00:03,9.1
143,대구,2025-06-15,26.1,32.7,15:21,20.0,04:45,12.7
143,대구,2025-06-16,25.0,29.1,16:22,22.1,23:50,7.0
143,대구,2025-06-17,25.2,29.9,16:43,19.9,04:57,10.0
143,대구,2025-06-18,26.9,32.7,14:56,21.8,03:40,10.9
143,대구,2025-06-19,27.5,33.9,14:18,21.0,05:27,12.9
143,대구,2025-06-20,26.9,29.5,12:28,24.1,23:34,5.4
143,대구,2025-06-21,22.8,26.9,06:42,18.3,23:40,8.6
143,대구,2025-06-22,22.4,27.4,13:35,18.0,01:34,9.4
143,대구,2025-06-23,24.9,31.7,15:22,17.8,04:59,13.9
143,대구,2025-06-24,20.7,24.8,10:42,18.5,05:08,6.3
143,대구,2025-06-25,23.6,29.1,16:09,19.9,00:01,9.2
143,대구,2025-06-26,25.4,30.1,14:30,22.1,04:03,8.0
143,대구,2025-06-27,27.1,33.1,16:54,20.6,05:28,12.5
143,대구,2025-06-28,28.5,34.5,16:32,23.5,05:00,11.0
143,대구,2025-06-29,29.9,36.6,16:23,24.5,04:46,12.1
143,대구,2025-06-30,30.7,36.4,15:56,25.8,05:11,10.6
143,대구,2025-07-01,30.7,35.7,15:43,25.7,05:10,10.0
143,대구,2025-07-02,31.4,36.4,15:06,26.9,05:31,9.5
143,대구,2025-07-03,31.2,36.0,13:22,27.1,05:10,8.9
143,대구,2025-07-04,30.2,35.5,14:28,25.7,05:30,9.8
143,대구,2025-07-05,30.6,36.4,16:11,25.5,05:33,10.9
143,대구,2025-07-06,30.6,34.9,16:19,26.6,06:00,8.3
143,대구,2025-07-07,31.5,37.4,14:00,26.4,05:41,11.0
143,대구,2025-07-08,28.5,32.3,15:02,25.5,23:56,6.8
143,대구,2025-07-09,28.1,33.6,13:44,23.7,05:27,9.9
143,대구,2025-07-10,26.6,31.3,14:20,23.6,05:20,7.7
143,대구,2025-07-11,26.2,30.6,14:04,22.9,05:30,7.7
143,대구,2025-07-12,26.2,31.8,15:53,21.8,05:13,10.0
